timestamp,accel,HR,o2%
0000000,0.997619,088,097
0000007,0.997619,088,097
0000013,0.990986,088,097
0000023,1.008333,088,097
0000033,0.988095,088,097
0000043,0.996599,088,097
0000053,1.023639,088,097
0000063,0.994728,088,097
0000073,1.006973,088,097
0000083,1.010544,088,097
0000093,0.992177,088,097
0000103,1.011224,088,097
0000113,1.029762,088,097
0000123,1.030612,088,097
0000133,1.015816,088,097
0000143,1.013095,088,097
0000153,0.995578,088,097
0000163,0.978231,088,097
0000173,1.004932,088,097
0000183,1.016837,088,097
0000193,1.001701,088,097
0000203,1.004762,088,097
0000213,1.014286,088,097
0000223,1.012755,088,097
0000233,1.023810,088,097
0000244,0.996429,088,097
0000253,1.012245,088,097
0000263,1.010884,088,097
0000273,1.002551,088,097
0000283,1.033503,088,097
0000293,1.031803,088,097
0000303,1.016156,088,097
0000313,1.021088,088,097
0000323,1.014116,088,097
0000333,1.000850,088,097
0000343,1.000850,088,097
0000353,1.018027,088,097
0000363,0.993367,088,097
0000373,1.022619,088,097
0000383,1.012245,088,097
0000393,1.023469,088,097
0000403,1.015816,088,097
0000413,0.991497,088,097
0000424,0.989456,088,097
0000433,0.991156,088,097
0000443,0.983844,088,097
0000453,1.058843,088,097
0000463,1.016667,088,097
0000474,1.005612,088,097
0000483,1.037245,088,097
0000493,1.011054,088,097
0000503,0.997789,088,097
0000513,0.999320,088,097
0000523,1.010204,088,097
0000533,1.024150,088,097
0000544,1.008333,088,097
0000553,0.992347,088,097
0000563,1.003571,088,097
0000573,1.002891,088,097
0000583,0.984184,088,097
0000594,0.996599,088,097
0000603,1.044218,088,097
0000613,1.044048,088,097
0000623,1.036905,088,097
0000633,0.975340,088,097
0000643,1.003231,088,097
0000653,0.990816,088,097
0000663,1.002551,088,097
0000673,1.009354,088,097
0000683,1.004082,088,097
0000693,1.010204,088,097
0000703,1.030612,088,097
0000713,1.004422,088,097
0000723,1.012415,088,097
0000733,1.013775,088,097
0000743,1.006463,088,097
0000753,1.029932,088,097
0000763,1.005102,088,097
0000773,1.002721,088,097
0000784,1.004932,088,097
0000793,1.008844,088,097
0000803,1.023639,088,097
0000813,1.001871,088,097
0000823,1.007483,088,097
0000833,1.005612,088,097
0000844,1.013435,088,097
0000853,1.000680,088,097
0000863,1.001701,088,097
0000873,1.020918,088,097
0000883,0.997619,088,097
0000893,1.007823,088,097
0000903,0.997109,088,097
0000913,1.015476,088,097
0000924,1.002381,088,097
0000933,1.002041,088,097
0000943,1.001531,088,097
0000953,1.000340,088,097
0000963,0.993027,088,097
0000973,1.008673,088,097
0000983,1.014626,088,097
0000993,1.013775,088,097
0001003,1.029422,088,097
0001013,1.029422,088,097
0001023,1.029422,088,097
0001033,1.025850,090,097
0001043,1.021769,090,097
0001054,1.006463,090,097
0001063,1.004252,090,097
0001073,1.013946,090,097
0001083,1.006463,090,097
0001093,0.996769,090,097
0001103,1.006463,090,097
0001113,1.017177,090,097
0001123,1.009354,090,097
0001133,1.018708,090,097
0001143,1.016497,090,097
0001153,1.012075,090,097
0001163,1.038435,090,097
0001173,1.021599,090,097
0001183,0.995748,090,097
0001193,1.024490,090,097
0001203,1.021428,090,097
0001213,1.024490,090,097
0001223,1.012245,090,097
0001233,0.997109,090,097
0001243,1.007823,090,097
0001253,1.025680,090,097
0001263,1.011054,090,097
0001273,1.002891,090,097
0001283,1.005102,090,097
0001293,0.998299,090,097
0001304,0.993537,090,097
0001314,0.997959,090,097
0001323,1.015816,090,097
0001333,1.003061,090,097
0001343,0.993878,090,097
0001353,0.990986,090,097
0001363,1.006633,090,097
0001374,1.018367,090,097
0001383,1.008503,090,097
0001393,0.997619,090,097
0001403,1.019898,090,097
0001413,0.991327,090,097
0001423,1.004932,090,097
0001433,1.014796,090,097
0001443,0.991156,090,097
0001453,0.993878,090,097
0001463,0.997789,090,097
0001473,1.012925,090,097
0001483,1.001871,090,097
0001493,1.000340,090,097
0001503,1.021599,090,097
0001513,1.009694,090,097
0001523,1.011735,090,097
0001533,1.020238,090,097
0001543,1.008503,090,097
0001553,1.000510,090,097
0001563,1.006803,090,097
0001573,0.996088,090,097
0001583,0.998469,090,097
0001593,1.005612,090,097
0001603,1.003742,090,097
0001613,1.004592,090,097
0001623,0.987415,090,097
0001633,1.013946,090,097
0001643,1.013605,090,097
0001653,0.998299,090,097
0001663,0.991497,090,097
0001673,1.011224,090,097
0001683,0.996599,090,097
0001693,0.990476,090,097
0001703,1.014286,090,097
0001713,1.003742,090,097
0001723,1.001361,090,097
0001733,1.009354,090,097
0001743,1.033844,090,097
0001753,1.006463,090,097
0001764,1.011565,090,097
0001773,1.010884,090,097
0001783,1.005102,090,097
0001793,0.996599,090,097
0001803,1.026701,090,097
0001813,1.003742,090,097
0001823,1.013435,090,097
0001833,1.011735,090,097
0001843,0.995748,090,097
0001854,1.007143,090,097
0001863,0.992177,090,097
0001873,0.997619,090,097
0001883,1.002041,090,097
0001893,1.000680,090,097
0001903,1.003061,090,097
0001913,1.004082,090,097
0001923,1.011224,090,097
0001933,1.010034,090,097
0001943,1.017687,090,097
0001954,1.001871,090,097
0001963,0.988946,090,097
0001973,0.994388,090,097
0001983,1.009864,090,097
0001993,0.992687,090,097
0002003,1.005102,090,097
0002013,1.001190,090,097
0002023,1.025680,090,097
0002033,1.029082,090,097
0002043,1.029082,090,097
0002053,1.012925,090,097
0002063,0.977381,090,097
0002073,1.004422,090,097
0002083,1.018367,090,097
0002093,1.012415,090,097
0002103,1.000340,090,097
0002113,1.018197,090,097
0002123,1.014966,090,097
0002133,1.015306,090,097
0002143,1.004932,090,097
0002153,0.985884,090,097
0002163,0.998639,090,097
0002173,0.999490,090,097
0002183,1.012075,090,097
0002193,0.996769,090,097
0002203,1.007823,090,097
0002213,1.006973,090,097
0002223,0.997279,090,097
0002233,1.005782,090,097
0002243,0.997789,090,097
0002253,1.015816,090,097
0002263,1.032143,090,097
0002273,1.006973,090,097
0002283,1.017687,090,097
0002293,1.015646,090,097
0002303,1.006122,090,097
0002313,0.999490,090,097
0002323,1.011224,090,097
0002333,1.005272,090,097
0002343,1.003061,090,097
0002353,1.010714,090,097
0002363,1.015136,090,097
0002373,1.020068,090,097
0002384,1.026361,090,097
0002393,0.993367,090,097
0002403,1.002211,090,097
0002413,1.013775,090,097
0002423,1.006973,090,097
0002433,1.014456,090,097
0002443,1.015136,090,097
0002453,0.997619,090,097
0002464,1.005442,090,097
0002473,1.003061,090,097
0002483,0.989966,090,097
0002493,1.006633,090,097
0002503,1.005612,090,097
0002513,1.009354,090,097
0002523,1.013095,090,097
0002533,0.973639,090,097
0002543,0.986735,090,097
0002553,1.000000,090,097
0002563,1.007313,090,097
0002573,1.024660,090,097
0002583,1.020918,090,097
0002594,1.020918,090,097
0002603,1.011395,090,097
0002613,1.021769,090,097
0002623,1.011735,090,097
0002633,1.005102,090,097
0002643,1.004762,090,097
0002653,1.013775,090,097
0002663,1.000170,090,097
0002673,0.994558,090,097
0002683,1.018708,090,097
0002693,0.998809,090,097
0002703,1.018708,090,097
0002714,1.014626,090,097
0002723,1.014626,090,097
0002733,0.989796,090,097
0002743,0.996939,090,097
0002753,0.992857,090,097
0002763,1.000680,090,097
0002773,1.001190,090,097
0002783,0.994048,090,097
0002793,1.011735,090,097
0002803,1.017177,090,097
0002813,0.999660,090,097
0002823,0.984864,090,097
0002833,1.005102,090,097
0002843,1.022279,090,097
0002853,0.989116,090,097
0002863,1.004762,090,097
0002873,0.984864,090,097
0002883,1.000000,090,097
0002893,0.995748,090,097
0002903,1.011054,090,097
0002913,0.993367,090,097
0002923,0.978571,090,097
0002934,0.989626,090,097
0002943,0.985884,090,097
0002953,1.002381,090,097
0002963,0.986054,090,097
0002973,0.995918,090,097
0002983,1.007143,090,097
0002993,1.009184,090,097
0003003,1.012245,090,097
0003013,1.005272,090,097
0003023,1.002381,090,097
0003034,0.997449,090,097
0003043,1.016156,090,097
0003053,0.998469,090,097
0003063,0.998469,090,097
0003073,1.005272,090,097
0003083,0.995748,090,097
0003093,1.000850,090,097
0003103,1.011224,090,097
0003113,1.025680,090,097
0003123,0.997789,090,097
0003134,0.983674,090,097
0003143,1.007483,090,097
0003153,1.014456,090,097
0003163,1.009864,090,097
0003173,1.014286,090,097
0003183,1.008844,090,097
0003193,0.989626,090,097
0003203,1.010544,090,097
0003213,0.992177,090,097
0003223,0.995918,090,097
0003233,0.985714,090,097
0003243,0.991837,090,097
0003253,1.009184,090,097
0003263,0.996939,090,097
0003273,1.024320,090,097
0003284,1.016326,090,097
0003293,1.006973,090,097
0003303,1.012755,090,097
0003313,0.993197,090,097
0003323,1.002381,090,097
0003333,1.005272,090,097
0003343,0.993707,090,097
0003353,0.988605,090,097
0003363,1.006292,090,097
0003373,1.017007,090,097
0003383,1.022789,090,097
0003394,1.005952,090,097
0003403,1.017517,090,097
0003413,1.001361,090,097
0003423,1.014456,090,097
0003433,0.996599,090,097
0003443,1.023469,090,097
0003453,1.026701,090,097
0003463,1.006292,090,097
0003473,1.025850,090,097
0003483,1.017687,090,097
0003493,1.007653,090,097
0003503,1.009184,090,097
0003513,1.005612,090,097
0003523,1.015816,090,097
0003533,1.004082,090,097
0003543,1.026191,090,097
0003553,1.011054,090,097
0003563,0.993878,090,097
0003573,0.999150,090,097
0003583,1.010544,090,097
0003593,1.011905,090,097
0003603,1.006463,090,097
0003613,0.994558,090,097
0003624,1.010884,090,097
0003633,1.011905,090,097
0003643,0.993537,090,097
0003653,1.017347,090,097
0003663,1.004762,090,097
0003673,1.022279,090,097
0003683,1.015476,090,097
0003693,1.003911,090,097
0003703,0.997109,090,097
0003713,1.015646,090,097
0003723,1.019388,090,097
0003733,1.004252,090,097
0003743,1.008673,090,097
0003753,1.021599,090,097
0003763,1.009184,090,097
0003773,1.010034,090,097
0003783,1.000170,090,097
0003793,0.994218,090,097
0003804,1.010374,090,097
0003813,1.011054,090,097
0003823,1.021599,090,097
0003833,0.991327,090,097
0003843,0.992857,090,097
0003853,1.018197,090,097
0003863,1.005952,090,097
0003873,1.019218,090,097
0003883,1.004592,090,097
0003893,1.014966,090,097
0003903,1.013265,090,097
0003913,1.015476,090,097
0003923,1.021599,090,097
0003933,1.006633,090,097
0003943,1.012925,090,097
0003953,1.013435,090,097
0003963,0.996088,090,097
0003974,1.017687,090,097
0003983,1.020068,090,097
0003993,1.010374,090,097
0004003,0.992007,090,097
0004013,0.988776,090,097
0004023,0.995918,090,097
0004033,1.004082,090,097
0004043,1.018537,090,097
0004053,0.997619,090,097
0004063,1.005102,090,097
0004073,1.001020,090,097
0004083,1.001020,090,097
0004093,0.985204,000,097
0004104,0.998639,000,097
0004113,1.018027,000,097
0004123,0.998639,000,097
0004133,0.997109,000,097
0004143,0.995408,000,097
0004153,1.016667,000,097
0004163,1.015306,000,097
0004173,1.029762,000,097
0004183,1.001531,000,097
0004193,0.996939,000,097
0004203,1.003401,000,097
0004213,1.012585,000,097
0004223,0.993197,000,097
0004233,1.021428,000,097
0004243,0.988776,000,097
0004253,0.978061,000,097
0004263,1.004252,000,097
0004273,0.998129,000,097
0004283,1.011735,000,097
0004293,1.018367,000,097
0004303,1.023810,000,097
0004313,1.005442,000,097
0004323,0.990986,000,097
0004333,1.026361,000,097
0004343,0.989286,000,097
0004353,1.002721,000,097
0004363,1.014116,000,097
0004373,1.021599,000,097
0004383,1.006122,000,097
0004393,1.025850,000,097
0004403,1.027381,000,097
0004413,1.008673,000,097
0004423,1.020408,000,097
0004433,1.018708,000,097
0004443,1.009524,000,097
0004453,1.006633,000,097
0004463,0.992687,000,097
0004473,1.001531,000,097
0004483,1.020748,000,097
0004493,1.007823,000,097
0004503,1.001871,000,097
0004513,1.029592,000,097
0004523,1.013946,000,097
0004533,0.988776,000,097
0004543,1.016497,000,097
0004553,0.994388,000,097
0004563,1.014286,000,097
0004573,1.025680,000,097
0004583,1.001020,000,097
0004593,1.013605,000,097
0004603,1.031973,000,097
0004613,0.994218,000,097
0004623,0.993197,000,097
0004633,0.998129,000,097
0004643,0.985374,000,097
0004653,0.968197,000,097
0004663,1.008503,000,097
0004673,1.025510,000,097
0004683,0.999150,000,097
0004693,0.989966,000,097
0004703,1.023129,000,097
0004713,1.018367,000,097
0004723,1.013435,000,097
0004733,1.017177,000,097
0004743,0.988435,000,097
0004753,1.005442,000,097
0004764,1.017347,000,097
0004773,1.016497,000,097
0004783,0.996599,000,097
0004793,1.009694,000,097
0004803,1.013095,000,097
0004813,1.009014,000,097
0004823,0.994558,000,097
0004833,1.008503,000,097
0004844,1.011395,000,097
0004853,1.019048,000,097
0004863,1.026701,000,097
0004873,1.027721,000,097
0004884,1.013265,000,097
0004893,1.006463,000,097
0004903,0.978061,000,097
0004913,1.006122,000,097
0004923,1.007483,000,097
0004933,1.014796,000,097
0004943,1.015646,000,097
0004953,1.001020,000,097
0004963,1.002551,000,097
0004973,1.018537,000,097
0004983,0.994898,000,097
0004993,0.996599,000,097
0005003,1.013265,000,097
0005013,1.020238,000,097
0005023,1.010204,000,097
0005033,0.999320,000,097
0005043,0.990476,000,097
0005053,1.001531,000,097
0005063,1.002891,000,097
0005073,1.017517,000,097
0005083,1.004082,000,097
0005093,0.987075,000,097
0005103,0.987075,000,097
0005113,0.996258,000,097
0005123,1.015136,000,097
0005134,0.999830,000,097
0005143,1.016837,000,097
0005153,1.021939,000,097
0005163,1.006633,000,097
0005173,1.016156,000,097
0005183,1.010034,000,097
0005193,0.998980,000,097
0005203,0.986905,000,097
0005213,0.995578,000,097
0005223,0.995578,000,097
0005233,1.013095,000,097
0005243,1.009184,000,097
0005253,0.995918,000,097
0005264,1.021258,000,097
0005273,0.997279,000,097
0005283,1.023129,000,097
0005293,1.004252,000,097
0005303,1.006292,000,097
0005313,1.029252,000,097
0005323,1.019558,000,097
0005334,1.025170,000,097
0005343,1.034694,000,097
0005353,1.036565,000,097
0005363,1.015306,000,097
0005373,1.018027,000,097
0005383,1.006803,000,097
0005393,1.011395,000,097
0005403,1.003742,000,097
0005413,1.010884,000,097
0005423,1.007653,000,097
0005433,1.005952,000,097
0005443,1.014456,000,097
0005453,0.989796,000,097
0005463,0.997959,000,097
0005473,1.005952,000,097
0005483,1.026361,000,097
0005493,1.028912,000,097
0005503,1.009694,000,097
0005513,1.011565,000,097
0005523,0.995068,000,097
0005533,0.990306,000,097
0005543,1.018537,000,097
0005553,1.004762,000,097
0005563,0.987245,000,097
0005573,1.004252,000,097
0005583,1.015816,000,097
0005593,1.012755,000,097
0005603,1.022449,000,097
0005613,1.003742,000,097
0005623,1.019558,000,097
0005633,0.989456,000,097
0005643,0.989456,000,097
0005653,1.013775,000,097
0005663,0.986054,000,097
0005673,1.011395,000,097
0005683,0.991156,000,097
0005693,1.010714,000,097
0005703,1.012755,000,097
0005713,1.023129,000,097
0005723,1.005782,000,097
0005733,0.994388,000,097
0005743,1.002381,000,097
0005753,1.001361,000,097
0005763,0.996088,000,097
0005773,1.005272,000,097
0005783,1.002551,000,097
0005793,0.995238,000,097
0005803,1.001361,000,097
0005813,1.005102,000,097
0005823,1.003401,000,097
0005833,1.032313,000,097
0005843,1.030272,000,097
0005853,1.000850,000,097
0005863,1.007823,000,097
0005873,1.029082,000,097
0005883,1.008163,000,097
0005893,1.020068,000,097
0005903,1.003571,000,097
0005913,1.008163,000,097
0005923,1.009184,000,097
0005933,1.019218,000,097
0005943,1.005272,000,097
0005953,1.007483,000,097
0005963,0.990306,000,097
0005974,1.001701,000,097
0005983,1.010034,000,097
0005993,0.989966,000,097
0006003,1.013605,000,097
0006013,1.028401,000,097
0006023,1.006633,000,097
0006033,1.017177,000,097
0006043,1.000680,000,097
0006053,1.018027,000,097
0006063,1.034864,000,097
0006073,1.005102,000,097
0006083,0.986054,000,097
0006093,0.992687,000,097
0006103,0.989286,000,097
0006113,0.997279,000,097
0006123,0.997279,000,097
0006133,0.997279,093,096
0006143,1.005442,093,096
0006153,1.025680,093,096
0006163,1.012415,093,096
0006173,1.003742,093,096
0006183,1.002551,093,096
0006193,1.012075,093,096
0006203,1.013946,093,096
0006213,1.000340,093,096
0006223,0.992857,093,096
0006233,0.997619,093,096
0006243,0.998809,093,096
0006253,1.016837,093,096
0006263,1.026020,093,096
0006273,1.013435,093,096
0006283,1.007653,093,096
0006293,1.007653,093,096
0006303,1.015476,093,096
0006313,0.992517,093,096
0006323,1.018197,093,096
0006333,0.999830,093,096
0006343,1.009694,093,096
0006353,0.990986,093,096
0006363,1.014456,093,096
0006373,1.011565,093,096
0006383,1.023299,093,096
0006393,1.017687,093,096
0006404,1.004762,093,096
0006413,1.023469,093,096
0006423,1.021428,093,096
0006433,1.021258,093,096
0006443,1.032823,093,096
0006453,1.005952,093,096
0006463,0.991327,093,096
0006473,1.005102,093,096
0006483,1.012415,093,096
0006493,1.013775,093,096
0006503,1.012415,093,096
0006513,0.982993,093,096
0006524,0.992687,093,096
0006533,1.021769,093,096
0006543,1.003571,093,096
0006553,1.005952,093,096
0006563,1.021599,093,096
0006573,1.025340,093,096
0006583,1.001871,093,096
0006593,0.989456,093,096
0006603,1.004762,093,096
0006613,1.000170,093,096
0006623,1.019048,093,096
0006634,1.036054,093,096
0006643,0.996088,093,096
0006653,0.998809,093,096
0006664,0.989116,093,096
0006673,0.985204,093,096
0006683,0.980102,093,096
0006693,1.006122,093,096
0006703,0.994558,093,096
0006713,0.992007,093,096
0006723,0.991327,093,096
0006733,1.004252,093,096
0006743,1.026531,093,096
0006753,1.031803,093,096
0006763,1.019898,093,096
0006773,1.019728,093,096
0006783,0.977891,093,096
0006793,0.997449,093,096
0006803,1.020408,093,096
0006813,1.027721,093,096
0006823,1.001020,093,096
0006833,1.003401,093,096
0006843,0.996939,093,096
0006853,0.980102,093,096
0006864,1.005272,093,096
0006873,1.010884,093,096
0006883,1.009694,093,096
0006893,1.030952,093,096
0006903,0.993027,093,096
0006913,0.964626,093,096
0006923,0.993878,093,096
0006934,1.012245,093,096
0006943,0.987415,093,096
0006953,1.004762,093,096
0006963,1.023810,093,096
0006973,1.001531,093,096
0006983,0.996939,093,096
0006993,0.989116,093,096
0007003,1.005612,093,096
0007013,1.005102,093,096
0007023,0.994388,093,096
0007033,0.999830,093,096
0007043,1.007313,093,096
0007053,1.008673,093,096
0007064,1.008503,093,096
0007073,1.015816,093,096
0007083,0.993878,093,096
0007093,0.991667,093,096
0007103,1.015306,093,096
0007113,1.018367,093,096
0007123,1.004252,093,096
0007133,0.988265,093,096
0007143,0.988265,093,096
0007153,0.988265,093,096
0007163,1.002551,093,095
0007173,1.004932,093,095
0007183,1.009694,093,095
0007193,1.010204,093,095
0007203,1.001361,093,095
0007213,1.006633,093,095
0007223,0.995238,093,095
0007233,1.005442,093,095
0007243,1.003911,093,095
0007253,0.995408,093,095
0007263,1.009014,093,095
0007273,1.034524,093,095
0007283,1.005952,093,095
0007293,0.992347,093,095
0007303,1.007653,093,095
0007313,1.015136,093,095
0007323,1.006463,093,095
0007333,1.018708,093,095
0007343,1.008333,093,095
0007353,1.007993,093,095
0007363,0.992177,093,095
0007373,0.995408,093,095
0007383,1.002041,093,095
0007393,1.015646,093,095
0007403,1.011905,093,095
0007413,0.994728,093,095
0007423,1.038435,093,095
0007433,1.002551,093,095
0007443,1.003742,093,095
0007453,1.008503,093,095
0007463,1.004762,093,095
0007473,0.996599,093,095
0007483,1.013095,093,095
0007493,1.014626,093,095
0007503,1.018197,093,095
0007513,1.017177,093,095
0007524,1.000340,093,095
0007533,1.002211,093,095
0007543,0.997279,093,095
0007553,0.990986,093,095
0007563,1.006973,093,095
0007573,1.013435,093,095
0007583,1.013775,093,095
0007593,0.998809,093,095
0007603,1.020578,093,095
0007613,1.005272,093,095
0007623,1.015646,093,095
0007634,1.013605,093,095
0007643,1.008673,093,095
0007653,1.019898,093,095
0007663,1.021428,093,095
0007673,1.000680,093,095
0007683,1.008163,093,095
0007693,0.985544,093,095
0007703,0.998980,093,095
0007713,1.029252,093,095
0007723,1.018878,093,095
0007733,1.019728,093,095
0007743,1.014626,093,095
0007753,0.993367,093,095
0007763,0.986395,093,095
0007773,1.016156,093,095
0007783,1.009014,093,095
0007793,1.025850,093,095
0007803,0.986735,093,095
0007813,1.007823,093,095
0007823,1.004932,093,095
0007833,1.004082,093,095
0007843,0.995238,093,095
0007853,0.995068,093,095
0007863,1.006292,093,095
0007873,1.015646,093,095
0007883,1.012925,093,095
0007893,1.014286,093,095
0007903,1.009524,093,095
0007914,1.004762,093,095
0007923,0.999830,093,095
0007933,0.994048,093,095
0007943,1.001871,093,095
0007953,1.029932,093,095
0007963,0.997619,093,095
0007973,0.996088,093,095
0007983,1.027721,093,095
0007993,1.024150,093,095
0008003,0.997279,093,095
0008013,1.002551,093,095
0008023,0.996258,093,095
0008034,1.005612,093,095
0008043,1.018708,093,095
0008053,0.999830,093,095
0008063,1.016156,093,095
0008073,1.012585,093,095
0008083,0.997959,093,095
0008093,1.000680,093,095
0008103,0.982653,093,095
0008114,1.001531,093,095
0008123,0.993197,093,095
0008134,1.003061,093,095
0008143,1.002211,093,095
0008153,1.023810,093,095
0008163,1.027891,093,095
0008173,1.027891,093,095
0008183,1.015136,088,095
0008193,1.011395,088,095
0008203,0.992517,088,095
0008213,0.980782,088,095
0008224,0.998129,088,095
0008233,1.023639,088,095
0008243,1.015136,088,095
0008253,1.018708,088,095
0008263,1.027381,088,095
0008273,1.009354,088,095
0008283,1.010204,088,095
0008293,1.006292,088,095
0008303,1.002551,088,095
0008313,1.005612,088,095
0008323,0.995748,088,095
0008333,0.994218,088,095
0008343,1.007313,088,095
0008353,0.995408,088,095
0008363,0.987755,088,095
0008373,1.021599,088,095
0008383,0.999320,088,095
0008393,1.001531,088,095
0008403,1.014626,088,095
0008413,1.001361,088,095
0008424,1.022789,088,095
0008433,1.007823,088,095
0008443,0.994048,088,095
0008453,1.012755,088,095
0008463,0.999830,088,095
0008473,1.011395,088,095
0008483,1.029422,088,095
0008493,1.022959,088,095
0008503,1.011905,088,095
0008513,1.010034,088,095
0008523,1.017517,088,095
0008533,1.033163,088,095
0008543,1.011395,088,095
0008554,1.016837,088,095
0008563,1.015476,088,095
0008573,0.985884,088,095
0008583,1.012925,088,095
0008593,0.996429,088,095
0008603,1.024490,088,095
0008613,1.019728,088,095
0008623,1.018027,088,095
0008633,1.012245,088,095
0008643,1.005782,088,095
0008653,1.013265,088,095
0008663,1.017857,088,095
0008673,0.991156,088,095
0008683,0.994388,088,095
0008693,1.002721,088,095
0008703,0.994388,088,095
0008713,1.030442,088,095
0008723,1.013605,088,095
0008733,1.003401,088,095
0008744,1.012245,088,095
0008753,1.000170,088,095
0008763,1.012755,088,095
0008773,1.020408,088,095
0008783,1.021599,088,095
0008793,1.024490,088,095
0008803,1.004252,088,095
0008813,1.006803,088,095
0008823,0.986905,088,095
0008833,1.007653,088,095
0008843,1.002891,088,095
0008854,1.019388,088,095
0008863,1.000510,088,095
0008873,1.002381,088,095
0008883,1.013946,088,095
0008894,1.018878,088,095
0008912,1.003061,088,095
0008922,1.026020,088,095
0008932,0.992177,088,095
0008942,1.013265,088,095
0008952,1.034354,088,095
0008962,1.027891,088,095
0008972,0.996258,088,095
0008982,1.016156,088,095
0008992,1.003231,088,095
0009002,1.016326,088,095
0009012,1.012585,088,095
0009022,1.017007,088,095
0009032,1.009014,088,095
0009042,1.009694,088,095
0009052,1.005272,088,095
0009063,0.998809,088,095
0009072,1.011395,088,095
0009082,1.003742,088,095
0009092,0.993197,088,095
0009102,1.000850,088,095
0009112,1.015476,088,095
0009122,1.002891,088,095
0009132,0.993537,088,095
0009142,1.006292,088,095
0009152,1.000340,088,095
0009162,1.001871,088,095
0009172,1.008503,088,095
0009182,0.993367,088,095
0009192,0.993367,088,095
0009202,0.992687,088,095
0009212,1.022789,088,095
0009222,1.007993,088,095
0009232,1.006463,088,095
0009242,1.008333,088,095
0009252,1.011735,088,095
0009262,1.010884,088,095
0009272,1.027721,088,095
0009282,1.009014,088,095
0009292,0.997789,088,095
0009302,1.019898,088,095
0009312,1.005782,088,095
0009322,1.007823,088,095
0009332,0.999830,088,095
0009342,1.014966,088,095
0009352,0.999490,088,095
0009362,1.012075,088,095
0009372,1.004252,088,095
0009382,1.009184,088,095
0009393,1.017007,088,095
0009402,0.995918,088,095
0009412,1.014966,088,095
0009422,1.014796,088,095
0009432,0.996769,088,095
0009442,0.990136,088,095
0009452,1.015306,088,095
0009462,1.015476,088,095
0009472,1.007313,088,095
0009482,1.014456,088,095
0009492,0.995748,088,095
0009502,0.997619,088,095
0009512,1.030782,088,095
0009522,1.024830,088,095
0009532,1.014116,088,095
0009542,0.997959,088,095
0009552,1.007993,088,095
0009562,0.985544,088,095
0009572,1.005782,088,095
0009582,1.004592,088,095
0009592,0.996939,088,095
0009603,1.003571,088,095
0009612,1.000510,088,095
0009622,1.013265,088,095
0009632,1.000000,088,095
0009642,0.981973,088,095
0009653,1.032823,088,095
0009662,1.022109,088,095
0009672,1.006292,088,095
0009682,0.998809,088,095
0009693,1.004252,088,095
0009702,1.002381,088,095
0009712,1.015646,088,095
0009722,1.026191,088,095
0009733,0.991667,088,095
0009742,0.981292,088,095
0009752,0.999150,088,095
0009762,1.023980,088,095
0009772,1.004932,088,095
0009782,0.989456,088,095
0009792,0.986225,088,095
0009802,1.016667,088,095
0009812,1.005782,088,095
0009822,1.012245,088,095
0009832,0.991327,088,095
0009842,0.997109,088,095
0009852,0.989116,088,095
0009862,0.995238,088,095
0009872,0.992177,088,095
0009882,1.018878,088,095
0009892,1.019388,088,095
0009902,1.018708,088,095
0009912,0.990646,088,095
0009922,1.015306,088,095
0009933,1.019728,088,095
0009942,1.008673,088,095
0009952,0.995748,088,095
0009962,0.992517,088,095
0009972,0.993537,088,095
0009982,0.993537,088,095
0009992,1.003742,088,095
0010002,1.028571,088,095
0010012,1.030952,088,095
0010022,1.005782,088,095
0010032,1.006292,088,095
0010042,1.004762,088,095
0010052,1.002381,088,095
0010062,1.014456,088,095
0010072,1.000680,088,095
0010082,1.014456,088,095
0010092,1.004082,088,095
0010103,1.004082,088,095
0010112,0.972789,088,095
0010122,0.988605,088,095
0010133,1.009524,088,095
0010142,0.992517,088,095
0010152,1.018537,088,095
0010162,1.007313,088,095
0010172,0.984184,088,095
0010182,1.025170,088,095
0010192,1.012075,088,095
0010202,1.006292,088,095
0010212,1.006292,088,095
0010222,1.008333,086,095
0010232,1.012415,086,095
0010242,1.013775,086,095
0010252,0.993537,086,095
0010262,1.011395,086,095
0010272,1.006803,086,095
0010282,0.995068,086,095
0010292,0.969728,086,095
0010302,1.025680,086,095
0010312,1.016326,086,095
0010322,1.005782,086,095
0010332,1.015306,086,095
0010342,1.024490,086,095
0010352,1.030612,086,095
0010362,1.035374,086,095
0010372,1.013265,086,095
0010382,1.023810,086,095
0010392,1.007483,086,095
0010402,0.986225,086,095
0010413,1.010374,086,095
0010422,0.978061,086,095
0010432,0.977041,086,095
0010442,0.997619,086,095
0010452,1.029252,086,095
0010462,0.994898,086,095
0010472,0.997619,086,095
0010482,0.991327,086,095
0010492,1.000340,086,095
0010502,1.004932,086,095
0010512,1.025680,086,095
0010522,1.002721,086,095
0010532,1.001871,086,095
0010542,1.002891,086,095
0010552,1.018197,086,095
0010562,1.013435,086,095
0010572,0.983503,086,095
0010582,1.038435,086,095
0010592,1.003061,086,095
0010602,1.032653,086,095
0010612,1.049830,086,095
0010622,0.991327,086,095
0010632,1.006292,086,095
0010642,1.015816,086,095
0010652,1.019558,086,095
0010662,1.016326,086,095
0010672,1.021769,086,095
0010682,1.000680,086,095
0010692,1.022109,086,095
0010702,1.015986,086,095
0010712,1.009014,086,095
0010722,0.997619,086,095
0010732,1.011054,086,095
0010742,1.011735,086,095
0010752,1.006463,086,095
0010762,1.013435,086,095
0010772,1.006633,086,095
0010782,1.013265,086,095
0010792,1.023469,086,095
0010802,1.005612,086,095
0010812,1.016156,086,095
0010822,1.019558,086,095
0010832,1.016326,086,095
0010843,1.033503,086,095
0010852,1.022789,086,095
0010862,0.993878,086,095
0010872,1.009184,086,095
0010882,1.027891,086,095
0010892,1.010884,086,095
0010902,1.013265,086,095
0010912,1.008673,086,095
0010922,0.994388,086,095
0010932,0.997959,086,095
0010942,1.001190,086,095
0010952,1.015986,086,095
0010962,1.000510,086,095
0010972,0.999320,086,095
0010982,1.010374,086,095
0010992,1.029252,086,095
0011002,1.002551,086,095
0011012,1.005442,086,095
0011022,1.002211,086,095
0011032,0.994898,086,095
0011042,1.020068,086,095
0011052,0.992177,086,095
0011062,1.019048,086,095
0011072,1.035374,086,095
0011082,0.986735,086,095
0011092,1.002721,086,095
0011102,1.004422,086,095
0011112,0.994218,086,095
0011122,0.996429,086,095
0011132,1.000680,086,095
0011142,1.002891,086,095
0011152,1.004082,086,095
0011162,1.004932,086,095
0011172,1.015816,086,095
0011182,1.006292,086,095
0011192,0.998469,086,095
0011202,1.005442,086,095
0011212,1.016837,086,095
0011222,1.013946,086,095
0011232,1.013946,086,095
0011242,1.013946,084,096
0011252,1.009864,084,096
0011262,0.999490,084,096
0011272,1.002891,084,096
0011282,1.014116,084,096
0011292,1.034524,084,096
0011302,1.014286,084,096
0011312,1.005442,084,096
0011322,0.990306,084,096
0011332,0.997619,084,096
0011342,0.993878,084,096
0011352,1.005952,084,096
0011362,1.005272,084,096
0011372,1.026871,084,096
0011382,1.001871,084,096
0011392,0.991837,084,096
0011402,0.990476,084,096
0011412,0.998129,084,096
0011422,1.017177,084,096
0011432,1.014626,084,096
0011442,0.998980,084,096
0011452,1.020578,084,096
0011462,1.009524,084,096
0011472,1.009694,084,096
0011482,1.012755,084,096
0011492,1.026191,084,096
0011502,1.018027,084,096
0011512,1.003061,084,096
0011522,1.003231,084,096
0011532,0.999320,084,096
0011542,1.001701,084,096
0011552,1.000850,084,096
0011562,1.026531,084,096
0011572,1.013435,084,096
0011582,1.011224,084,096
0011592,1.011735,084,096
0011602,0.982313,084,096
0011612,0.995918,084,096
0011622,1.017347,084,096
0011632,1.015136,084,096
0011642,1.003231,084,096
0011652,1.017517,084,096
0011662,1.005272,084,096
0011672,1.000510,084,096
0011682,1.020068,084,096
0011692,1.004422,084,096
0011702,1.007823,084,096
0011712,1.009014,084,096
0011722,1.011054,084,096
0011732,1.031803,084,096
0011742,0.994388,084,096
0011753,1.003742,084,096
0011762,1.027721,084,096
0011772,1.012415,084,096
0011782,1.009184,084,096
0011792,1.009694,084,096
0011803,1.007993,084,096
0011812,1.007313,084,096
0011822,1.006633,084,096
0011832,1.022789,084,096
0011842,0.997279,084,096
0011852,0.998980,084,096
0011862,0.986905,084,096
0011872,1.009524,084,096
0011882,1.010374,084,096
0011892,0.986905,084,096
0011902,1.010034,084,096
0011912,1.006973,084,096
0011922,0.997279,084,096
0011932,1.012585,084,096
0011942,0.996429,084,096
0011952,1.011735,084,096
0011962,0.995408,084,096
0011972,1.007313,084,096
0011982,1.030952,084,096
0011992,1.017347,084,096
0012002,1.021088,084,096
0012012,1.013095,084,096
0012022,1.015306,084,096
0012032,1.011735,084,096
0012042,1.010884,084,096
0012052,1.004762,084,096
0012062,0.998299,084,096
0012072,1.007823,084,096
0012082,1.005442,084,096
0012092,1.023129,084,096
0012102,0.999830,084,096
0012112,1.003401,084,096
0012122,1.014286,084,096
0012132,0.997449,084,096
0012142,0.985884,084,096
0012152,0.990646,084,096
0012162,1.023469,084,096
0012172,1.030952,084,096
0012182,1.009694,084,096
0012192,1.012585,084,096
0012202,1.026020,084,096
0012212,1.022959,084,096
0012222,1.003742,084,096
0012232,1.004592,084,096
0012243,1.004762,084,096
0012252,1.004762,084,096
0012262,1.004762,084,096
0012272,1.004762,084,096
0012282,0.994728,084,096
0012293,1.023810,084,096
0012302,1.013946,084,096
0012312,1.000850,084,096
0012322,1.003061,084,096
0012332,1.006292,084,096
0012342,1.007483,084,096
0012352,0.993707,084,096
0012362,1.007653,084,096
0012372,1.002721,084,096
0012382,1.002041,084,096
0012392,1.011735,084,096
0012402,0.995918,084,096
0012412,0.994558,084,096
0012422,1.011224,084,096
0012432,1.016497,084,096
0012442,1.001020,084,096
0012452,0.994048,084,096
0012462,0.997789,084,096
0012472,0.998469,084,096
0012482,1.014966,084,096
0012492,1.005612,084,096
0012502,1.004082,084,096
0012512,0.992687,084,096
0012522,1.002041,084,096
0012532,1.024830,084,096
0012542,1.016667,084,096
0012552,1.013775,084,096
0012562,1.007483,084,096
0012572,1.008503,084,096
0012582,1.003742,084,096
0012592,0.995578,084,096
0012603,1.008163,084,096
0012612,1.006463,084,096
0012622,1.019558,084,096
0012632,0.995068,084,096
0012642,1.012415,084,096
0012653,1.011224,084,096
0012664,1.026361,084,096
0012673,1.019388,084,096
0012683,1.006973,084,096
0012693,0.997619,084,096
0012703,1.001701,084,096
0012713,1.012075,084,096
0012724,0.999320,084,096
0012733,1.010204,084,096
0012743,1.004252,084,096
0012753,1.004762,084,096
0012763,0.995238,084,096
0012773,1.002211,084,096
0012783,1.009014,084,096
0012793,1.001871,084,096
0012803,1.001531,084,096
0012814,1.005272,084,096
0012823,1.000850,084,096
0012833,1.029762,084,096
0012843,1.019898,084,096
0012853,1.017177,084,096
0012863,1.012245,084,096
0012873,1.026871,084,096
0012884,1.025000,084,096
0012893,1.015816,084,096
0012903,1.006973,084,096
0012913,1.032143,084,096
0012924,1.024830,084,096
0012933,1.007993,084,096
0012943,1.019728,084,096
0012953,1.003231,084,096
0012963,0.995748,084,096
0012973,1.030782,084,096
0012983,1.007483,084,096
0012993,1.011565,084,096
0013003,0.998639,084,096
0013014,1.035034,084,096
0013023,1.007313,084,096
0013033,0.996088,084,096
0013043,1.027041,084,096
0013053,1.018197,084,096
0013063,1.021258,084,096
0013073,0.999830,084,096
0013083,1.017347,084,096
0013093,1.005612,084,096
0013103,1.012755,084,096
0013113,1.003061,084,096
0013124,1.025340,084,096
0013133,1.031633,084,096
0013143,1.031633,084,096
0013153,1.019218,084,096
0013163,1.007993,084,096
0013173,1.022619,084,096
0013183,1.008333,084,096
0013194,1.012245,084,096
0013203,1.002891,084,096
0013213,1.001871,084,096
0013223,0.993878,084,096
0013233,1.011224,084,096
0013243,0.982653,084,096
0013253,1.025340,084,096
0013263,1.022959,084,096
0013273,1.023639,084,096
0013283,1.023639,084,096
0013293,0.992007,085,096
0013303,0.986395,085,096
0013313,0.972789,085,096
0013323,0.989286,085,096
0013333,0.981122,085,096
0013343,1.014116,085,096
0013353,1.000850,085,096
0013363,0.997279,085,096
0013373,1.023469,085,096
0013383,1.010884,085,096
0013393,1.001190,085,096
0013403,0.983163,085,096
0013413,0.997789,085,096
0013423,1.015816,085,096
0013433,1.001020,085,096
0013443,1.001701,085,096
0013453,1.006973,085,096
0013463,1.008333,085,096
0013473,0.997279,085,096
0013483,0.996088,085,096
0013493,0.992517,085,096
0013503,0.992687,085,096
0013513,1.004082,085,096
0013523,0.991667,085,096
0013533,1.008503,085,096
0013543,1.010544,085,096
0013553,0.989966,085,096
0013563,0.996769,085,096
0013574,1.012075,085,096
0013583,0.989626,085,096
0013593,1.005442,085,096
0013603,1.012075,085,096
0013613,1.028401,085,096
0013623,1.002381,085,096
0013637,0.992517,085,096
0013647,0.987925,085,096
0013657,0.986735,085,096
0013667,1.002721,085,096
0013677,1.018878,085,096
0013687,1.006803,085,096
0013697,1.000680,085,096
0013707,0.985034,085,096
0013717,0.990986,085,096
0013728,0.997789,085,096
0013737,1.008163,085,096
0013747,1.016326,085,096
0013757,1.007483,085,096
0013767,0.986054,085,096
0013777,1.001531,085,096
0013787,1.022449,085,096
0013797,1.032653,085,096
0013807,1.024830,085,096
0013817,1.002721,085,096
0013827,1.019048,085,096
0013839,0.996939,085,096
0013849,1.008333,085,096
0013859,1.008503,085,096
0013869,1.000850,085,096
0013879,1.003231,085,096
0013889,0.997279,085,096
0013899,1.021088,085,096
0013909,0.992007,085,096
0013919,1.023639,085,096
0013929,0.984864,085,096
0013939,1.019388,085,096
0013949,1.042007,085,096
0013959,1.029932,085,096
0013969,1.019558,085,096
0013979,1.022789,085,096
0013989,1.026020,085,096
0013999,0.986905,085,096
0014009,0.963776,085,096
0014019,1.006633,085,096
0014030,1.019218,085,096
0014039,0.994728,085,096
0014049,1.003571,085,096
0014059,1.033673,085,096
0014069,1.027041,085,096
0014079,0.987585,085,096
0014089,0.996599,085,096
0014099,1.000510,085,096
0014110,1.002891,085,096
0014119,0.996429,085,096
0014129,1.000170,085,096
0014139,1.039626,085,096
0014149,1.035884,085,096
0014159,1.003742,085,096
0014169,1.016497,085,096
0014179,1.005952,085,096
0014189,0.997789,085,096
0014199,0.989116,085,096
0014209,1.004422,085,096
0014219,0.995748,085,096
0014229,1.015136,085,096
0014239,1.008844,085,096
0014249,1.011224,085,096
0014259,1.030782,085,096
0014269,1.016667,085,096
0014279,1.029762,085,096
0014289,1.028571,085,096
0014299,1.028571,085,096
0014309,1.028912,088,097
0014319,1.003571,088,097
0014329,1.011565,088,097
0014339,1.007483,088,097
0014349,1.001190,088,097
0014359,1.011905,088,097
0014369,1.016156,088,097
0014379,1.010204,088,097
0014389,0.991667,088,097
0014399,0.995918,088,097
0014409,1.047109,088,097
0014419,1.001020,088,097
0014429,1.000680,088,097
0014439,1.009524,088,097
0014449,0.990986,088,097
0014459,1.029592,088,097
0014469,1.018367,088,097
0014479,1.017177,088,097
0014489,1.002721,088,097
0014499,1.003911,088,097
0014509,1.008503,088,097
0014519,1.016326,088,097
0014529,1.020068,088,097
0014539,1.001190,088,097
0014549,1.013435,088,097
0014559,1.021599,088,097
0014569,1.004082,088,097
0014579,1.040136,088,097
0014589,1.006463,088,097
0014599,1.007823,088,097
0014609,1.018537,088,097
0014619,1.012585,088,097
0014629,1.005782,088,097
0014639,0.998299,088,097
0014649,0.998469,088,097
0014659,0.995068,088,097
0014669,0.995238,088,097
0014679,0.980442,088,097
0014689,1.005782,088,097
0014699,1.002041,088,097
0014709,1.016837,088,097
0014719,0.992687,088,097
0014729,1.006463,088,097
0014739,0.997789,088,097
0014749,1.009524,088,097
0014759,0.993197,088,097
0014769,0.989966,088,097
0014779,0.998809,088,097
0014789,1.003231,088,097
0014799,1.000170,088,097
0014809,1.023639,088,097
0014819,1.010034,088,097
0014829,1.004082,088,097
0014839,0.991497,088,097
0014850,1.022959,088,097
0014859,1.021258,088,097
0014869,0.993878,088,097
0014879,0.997789,088,097
0014889,0.988435,088,097
0014899,1.003231,088,097
0014909,1.019728,088,097
0014919,1.020578,088,097
0014929,1.016837,088,097
0014939,1.017007,088,097
0014949,1.027381,088,097
0014959,1.016156,088,097
0014969,1.018878,088,097
0014979,1.004422,088,097
0014989,0.969898,088,097
0014999,1.010714,088,097
0015009,1.004252,088,097
0015019,1.001531,088,097
0015029,1.002041,088,097
0015039,1.010714,088,097
0015049,1.003061,088,097
0015059,1.001871,088,097
0015069,1.010714,088,097
0015079,1.014626,088,097
0015089,1.017347,088,097
0015099,1.005442,088,097
0015109,0.989626,088,097
0015119,1.021769,088,097
0015129,0.999830,088,097
0015139,1.011905,088,097
0015149,1.008673,088,097
0015159,1.042007,088,097
0015169,1.017177,088,097
0015179,1.015986,088,097
0015189,1.015986,088,097
0015200,1.002381,088,097
0015209,1.014966,088,097
0015219,1.011735,088,097
0015229,0.995408,088,097
0015240,0.995578,088,097
0015249,1.018708,088,097
0015259,1.005952,088,097
0015269,1.005272,088,097
0015279,0.987585,088,097
0015289,1.007653,088,097
0015299,1.004422,088,097
0015309,1.016156,088,097
0015319,1.016156,088,097
0015329,1.016156,088,097
0015339,0.990306,088,098
0015349,1.000000,088,098
0015359,1.002891,088,098
0015369,0.996769,088,098
0015379,0.997279,088,098
0015389,1.016326,088,098
0015399,1.006633,088,098
0015410,0.993197,088,098
0015420,0.989626,088,098
0015430,0.997619,088,098
0015440,1.014456,088,098
0015450,1.007483,088,098
0015460,1.003401,088,098
0015470,0.999150,088,098
0015480,1.017347,088,098
0015490,1.011735,088,098
0015500,1.011565,088,098
0015510,0.995578,088,098
0015520,1.016326,088,098
0015530,1.029422,088,098
0015540,0.997619,088,098
0015550,1.012245,088,098
0015560,0.993878,088,098
0015570,0.998809,088,098
0015580,0.999320,088,098
0015590,1.004252,088,098
0015600,0.995578,088,098
0015610,1.003401,088,098
0015620,1.012245,088,098
0015630,1.001871,088,098
0015640,1.020408,088,098
0015650,1.006803,088,098
0015660,1.027381,088,098
0015670,1.037245,088,098
0015680,1.015306,088,098
0015690,0.995068,088,098
0015700,1.017517,088,098
0015710,1.005612,088,098
0015720,1.010544,088,098
0015730,1.012585,088,098
0015741,1.007143,088,098
0015750,1.006292,088,098
0015760,1.019388,088,098
0015770,1.014966,088,098
0015780,0.981122,088,098
0015790,1.015816,088,098
0015800,1.020408,088,098
0015814,1.021939,088,098
0015824,1.007653,088,098
0015834,1.000680,088,098
0015844,1.032143,088,098
0015854,1.027721,088,098
0015864,1.020748,088,098
0015874,0.993878,088,098
0015885,1.020748,088,098
0015894,1.012925,088,098
0015905,1.022109,088,098
0015914,1.008163,088,098
0015924,0.993537,088,098
0015934,1.005442,088,098
0015944,0.997789,088,098
0015954,1.003911,088,098
0015964,1.003911,088,098
0015974,1.008163,088,098
0015984,1.013605,088,098
0015994,1.023810,088,098
0016004,1.023639,088,098
0016014,1.026701,088,098
0016024,1.010034,088,098
0016034,0.998980,088,098
0016044,1.009524,088,098
0016054,0.980782,088,098
0016064,0.994558,088,098
0016074,0.978912,088,098
0016084,1.018027,088,098
0016094,1.000850,088,098
0016104,1.001020,088,098
0016114,1.000850,088,098
0016124,1.036054,088,098
0016134,1.008333,088,098
0016144,1.017347,088,098
0016154,1.022789,088,098
0016164,1.025000,088,098
0016174,1.024320,088,098
0016184,1.005442,088,098
0016194,1.009694,088,098
0016204,1.036224,088,098
0016214,0.998809,088,098
0016225,1.007143,088,098
0016234,1.018537,088,098
0016244,1.004252,088,098
0016254,1.046258,088,098
0016264,1.014966,088,098
0016274,0.995068,088,098
0016284,0.990476,088,098
0016294,1.003742,088,098
0016304,1.016837,088,098
0016314,1.015136,088,098
0016325,0.992517,088,098
0016334,1.013435,088,098
0016344,1.013435,088,098
0016354,1.005782,090,098
0016364,0.992517,090,098
0016374,1.006633,090,098
0016384,0.997959,090,098
0016394,1.019558,090,098
0016404,1.015646,090,098
0016414,1.006292,090,098
0016424,0.998639,090,098
0016434,0.987925,090,098
0016444,0.996939,090,098
0016455,1.010374,090,098
0016464,0.997619,090,098
0016474,1.007993,090,098
0016484,1.011054,090,098
0016494,1.003911,090,098
0016504,1.011565,090,098
0016514,1.014626,090,098
0016524,0.984524,090,098
0016534,1.004932,090,098
0016544,0.987755,090,098
0016555,1.011054,090,098
0016564,1.014966,090,098
0016574,1.016667,090,098
0016584,0.992007,090,098
0016594,1.002721,090,098
0016604,1.011565,090,098
0016615,1.008673,090,098
0016624,1.008844,090,098
0016635,1.010034,090,098
0016644,1.023469,090,098
0016654,1.012075,090,098
0016664,0.990476,090,098
0016674,0.990986,090,098
0016684,1.002721,090,098
0016694,0.995408,090,098
0016704,1.011054,090,098
0016714,1.006292,090,098
0016725,0.999660,090,098
0016734,1.000850,090,098
0016744,0.999150,090,098
0016754,1.032653,090,098
0016764,1.014966,090,098
0016774,1.000000,090,098
0016784,0.992177,090,098
0016794,0.991497,090,098
0016805,0.990986,090,098
0016814,1.017347,090,098
0016824,1.010714,090,098
0016834,1.015816,090,098
0016844,0.995408,090,098
0016854,0.994048,090,098
0016864,0.993197,090,098
0016874,1.019898,090,098
0016884,1.011905,090,098
0016894,0.989966,090,098
0016904,0.996258,090,098
0016914,0.994898,090,098
0016924,1.003571,090,098
0016934,1.012415,090,098
0016944,1.000000,090,098
0016954,1.016667,090,098
0016964,1.012755,090,098
0016974,1.011395,090,098
0016984,1.013775,090,098
0016994,1.007823,090,098
0017004,0.994048,090,098
0017014,1.002381,090,098
0017025,1.000000,090,098
0017034,1.026531,090,098
0017044,0.999150,090,098
0017054,1.004762,090,098
0017064,1.006463,090,098
0017074,0.990306,090,098
0017084,1.024830,090,098
0017094,1.004932,090,098
0017104,0.996429,090,098
0017114,1.028571,090,098
0017124,0.996939,090,098
0017134,1.014456,090,098
0017144,1.005272,090,098
0017154,1.019898,090,098
0017164,1.005102,090,098
0017174,1.007313,090,098
0017184,1.023980,090,098
0017194,1.021088,090,098
0017204,1.016326,090,098
0017214,1.003911,090,098
0017224,1.005612,090,098
0017234,0.979932,090,098
0017244,0.995238,090,098
0017254,0.998129,090,098
0017264,0.996599,090,098
0017274,1.002211,090,098
0017284,1.007993,090,098
0017294,1.022619,090,098
0017305,1.019558,090,098
0017314,1.000000,090,098
0017324,1.018027,090,098
0017334,1.022109,090,098
0017344,1.024150,090,098
0017354,1.019048,090,098
0017364,1.019048,090,098
0017374,1.019048,090,099
0017388,0.995918,090,099
0017398,0.993197,090,099
0017408,1.001020,090,099
0017418,0.985374,090,099
0017429,1.019558,090,099
0017438,1.007823,090,099
0017448,1.014456,090,099
0017458,1.009864,090,099
0017468,0.998469,090,099
0017478,0.999830,090,099
0017488,1.029762,090,099
0017498,1.013095,090,099
0017508,0.998299,090,099
0017518,0.997619,090,099
0017528,0.999320,090,099
0017538,1.027891,090,099
0017548,0.999320,090,099
0017558,1.010204,090,099
0017568,0.987075,090,099
0017578,0.997449,090,099
0017588,1.008333,090,099
0017598,1.022789,090,099
0017608,1.020068,090,099
0017618,1.013605,090,099
0017628,0.988265,090,099
0017638,1.006633,090,099
0017648,1.014286,090,099
0017658,1.004762,090,099
0017668,1.008163,090,099
0017678,0.994388,090,099
0017688,1.012075,090,099
0017698,0.996599,090,099
0017708,1.017007,090,099
0017718,1.001531,090,099
0017728,1.004422,090,099
0017738,1.009184,090,099
0017748,1.015136,090,099
0017758,1.006633,090,099
0017768,0.997959,090,099
0017778,1.007993,090,099
0017788,1.006633,090,099
0017798,1.004082,090,099
0017808,1.027551,090,099
0017818,1.011905,090,099
0017828,0.996088,090,099
0017838,1.006973,090,099
0017848,0.993707,090,099
0017858,0.988605,090,099
0017868,1.002381,090,099
0017878,0.999320,090,099
0017888,1.006803,090,099
0017898,1.001020,090,099
0017908,0.987755,090,099
0017918,1.003401,090,099
0017928,1.017687,090,099
0017938,1.002721,090,099
0017948,0.994048,090,099
0017958,1.027041,090,099
0017968,1.009014,090,099
0017978,0.990306,090,099
0017988,1.019388,090,099
0017998,1.014116,090,099
0018008,0.993027,090,099
0018018,0.997789,090,099
0018028,1.000510,090,099
0018038,1.008844,090,099
0018048,1.009354,090,099
0018058,1.017177,090,099
0018068,0.998299,090,099
0018078,1.014626,090,099
0018088,1.015816,090,099
0018098,1.003571,090,099
0018108,1.022959,090,099
0018118,1.026871,090,099
0018128,1.022109,090,099
0018138,0.998809,090,099
0018148,0.985034,090,099
0018158,1.016497,090,099
0018168,1.023129,090,099
0018178,1.017687,090,099
0018188,1.023299,090,099
0018198,1.021769,090,099
0018208,1.015986,090,099
0018218,1.006803,090,099
0018228,1.016837,090,099
0018238,1.015476,090,099
0018248,1.010374,090,099
0018258,1.005272,090,099
0018268,1.016156,090,099
0018279,0.998639,090,099
0018288,1.013946,090,099
0018299,1.002891,090,099
0018308,1.003911,090,099
0018318,1.005782,090,099
0018328,1.000000,090,099
0018338,1.007653,090,099
0018348,1.034354,090,099
0018358,0.997619,090,099
0018368,1.010204,090,099
0018382,0.994218,090,099
0018392,0.994218,090,099
0018402,1.005102,090,099
0018412,1.006463,090,099
0018422,1.002381,090,099
0018432,1.007143,090,099
0018442,1.014116,090,099
0018453,1.010374,090,099
0018462,0.985714,090,099
0018472,1.006122,090,099
0018482,0.995918,090,099
0018492,1.006633,090,099
0018502,1.012075,090,099
0018512,1.004082,090,099
0018522,0.989626,090,099
0018533,1.022619,090,099
0018542,1.004762,090,099
0018552,1.004082,090,099
0018562,1.023639,090,099
0018572,1.007993,090,099
0018583,1.016837,090,099
0018593,1.004592,090,099
0018603,1.011735,090,099
0018613,1.024150,090,099
0018623,1.001361,090,099
0018633,1.009864,090,099
0018644,1.003401,090,099
0018653,0.998299,090,099
0018663,0.999150,090,099
0018673,0.998639,090,099
0018683,1.008673,090,099
0018693,1.010544,090,099
0018703,1.006292,090,099
0018713,1.011395,090,099
0018723,1.004932,090,099
0018733,0.999150,090,099
0018743,1.010374,090,099
0018754,1.007653,090,099
0018763,1.012755,090,099
0018773,1.008163,090,099
0018783,1.021428,090,099
0018794,1.011224,090,099
0018803,1.009694,090,099
0018813,1.010884,090,099
0018823,1.022619,090,099
0018833,1.002041,090,099
0018844,0.992347,090,099
0018853,0.984184,090,099
0018863,1.011224,090,099
0018873,1.018197,090,099
0018883,1.015306,090,099
0018893,1.003571,090,099
0018903,1.026701,090,099
0018913,0.996939,090,099
0018923,1.015306,090,099
0018933,0.988435,090,099
0018943,1.002041,090,099
0018953,1.020748,090,099
0018963,1.020578,090,099
0018975,1.016326,090,099
0018984,1.006973,090,099
0018994,1.011054,090,099
0019004,1.018708,090,099
0019014,1.030612,090,099
0019024,1.010374,090,099
0019034,0.989286,090,099
0019044,1.015306,090,099
0019054,1.008673,090,099
0019064,1.021088,090,099
0019074,1.030442,090,099
0019084,1.018537,090,099
0019094,1.033163,090,099
0019104,1.009864,090,099
0019115,1.004762,090,099
0019124,0.999150,090,099
0019135,1.005782,090,099
0019144,1.003911,090,099
0019155,1.000000,090,099
0019164,0.990646,090,099
0019174,0.999660,090,099
0019184,1.006122,090,099
0019194,1.023639,090,099
0019204,1.015986,090,099
0019214,0.995238,090,099
0019224,1.024490,090,099
0019234,1.010544,090,099
0019244,1.026531,090,099
0019254,1.003401,090,099
0019264,1.004592,090,099
0019274,1.021088,090,099
0019284,0.993878,090,099
0019294,0.996769,090,099
0019304,1.020748,090,099
0019314,1.004252,090,099
0019324,1.005612,090,099
0019334,1.008503,090,099
0019344,0.998299,090,099
0019354,1.026191,090,099
0019366,1.021428,090,099
0019376,1.019558,090,099
0019386,1.023810,090,099
0019396,1.021939,090,099
0019406,1.014626,090,099
0019416,1.014626,090,099
0019426,0.990306,088,099
0019436,0.993027,088,099
0019446,0.999150,088,099
0019456,1.002381,088,099
0019466,1.028571,088,099
0019476,1.007313,088,099
0019486,1.001871,088,099
0019496,1.015136,088,099
0019506,1.021599,088,099
0019516,1.012755,088,099
0019526,1.002551,088,099
0019537,0.998639,088,099
0019546,1.002211,088,099
0019556,1.017857,088,099
0019566,1.008503,088,099
0019576,1.010544,088,099
0019586,1.014116,088,099
0019596,1.013265,088,099
0019606,1.012245,088,099
0019616,0.994558,088,099
0019626,1.002891,088,099
0019637,1.012925,088,099
0019646,1.035374,088,099
0019656,1.004762,088,099
0019666,0.996088,088,099
0019676,1.004932,088,099
0019686,1.005272,088,099
0019696,1.007313,088,099
0019706,1.015306,088,099
0019716,1.027381,088,099
0019726,1.005102,088,099
0019736,0.996258,088,099
0019746,1.010884,088,099
0019756,1.014456,088,099
0019766,1.016667,088,099
0019776,1.009184,088,099
0019786,0.987075,088,099
0019796,0.989966,088,099
0019806,0.987925,088,099
0019817,1.007823,088,099
0019826,1.003911,088,099
0019836,0.999150,088,099
0019846,1.015986,088,099
0019856,1.003231,088,099
0019867,1.015306,088,099
0019876,1.001361,088,099
0019886,1.004932,088,099
0019896,0.990136,088,099
0019906,0.983503,088,099
0019916,0.997109,088,099
0019926,1.011224,088,099
0019936,1.027721,088,099
0019946,1.009524,088,099
0019956,1.003571,088,099
0019966,1.015476,088,099
0019976,1.008333,088,099
0019986,1.019048,088,099
0019996,1.014796,088,099
0020006,1.015476,088,099
0020016,1.019048,088,099
0020026,1.008333,088,099
0020037,1.013605,088,099
0020046,1.001531,088,099
0020056,1.006633,088,099
0020066,0.996088,088,099
0020076,1.007653,088,099
0020086,1.005272,088,099
0020096,1.006633,088,099
0020106,1.015816,088,099
0020116,1.030272,088,099
0020126,1.036735,088,099
0020136,1.005102,088,099
0020146,0.995408,088,099
0020156,0.978061,088,099
0020166,1.003911,088,099
0020176,0.996258,088,099
0020186,1.003742,088,099
0020196,1.011395,088,099
0020206,1.019048,088,099
0020216,1.010034,088,099
0020226,1.000510,088,099
0020236,0.997449,088,099
0020246,0.999490,088,099
0020256,1.006633,088,099
0020266,1.001361,088,099
0020276,1.007143,088,099
0020287,1.022109,088,099
0020296,1.003061,088,099
0020306,1.012415,088,099
0020316,1.029082,088,099
0020326,1.009694,088,099
0020336,1.032143,088,099
0020346,0.984354,088,099
0020356,1.021599,088,099
0020366,0.992007,088,099
0020377,1.009354,088,099
0020386,1.002891,088,099
0020396,1.011224,088,099
0020406,1.024150,088,099
0020416,1.012925,088,099
0020427,1.000510,088,099
0020436,1.000510,088,099
0020446,0.989286,087,099
0020456,0.999150,087,099
0020466,1.015476,087,099
0020476,0.996088,087,099
0020486,1.025170,087,099
0020496,1.011054,087,099
0020506,0.997789,087,099
0020516,0.994558,087,099
0020526,1.003401,087,099
0020536,1.020408,087,099
0020548,1.008163,087,099
0020558,1.013946,087,099
0020568,1.010714,087,099
0020578,1.016156,087,099
0020588,1.021769,087,099
0020598,0.993878,087,099
0020608,0.991837,087,099
0020618,0.996088,087,099
0020628,0.998809,087,099
0020638,1.001020,087,099
0020648,0.996258,087,099
0020658,1.022109,087,099
0020668,1.006292,087,099
0020678,1.007483,087,099
0020688,0.981122,087,099
0020698,0.991667,087,099
0020708,1.009354,087,099
0020718,0.996258,087,099
0020728,1.015986,087,099
0020738,0.987415,087,099
0020748,0.985544,087,099
0020758,1.002381,087,099
0020768,1.025340,087,099
0020778,1.000850,087,099
0020788,1.012075,087,099
0020798,1.009864,087,099
0020808,1.008673,087,099
0020818,1.005952,087,099
0020828,1.017857,087,099
0020838,0.992007,087,099
0020848,1.022789,087,099
0020858,0.999660,087,099
0020868,1.005612,087,099
0020878,1.028741,087,099
0020888,1.025170,087,099
0020898,1.006973,087,099
0020908,0.996939,087,099
0020918,1.016156,087,099
0020928,1.009524,087,099
0020938,1.007993,087,099
0020949,0.995238,087,099
0020960,0.991497,087,099
0020969,0.991497,087,099
0020979,1.008673,087,099
0020989,1.013946,087,099
0020999,1.026020,087,099
0021009,1.013265,087,099
0021019,1.018197,087,099
0021029,1.000850,087,099
0021039,1.018367,087,099
0021049,1.016667,087,099
0021059,1.014626,087,099
0021069,0.997279,087,099
0021079,0.993027,087,099
0021089,1.015306,087,099
0021099,1.014966,087,099
0021109,1.004932,087,099
0021120,1.007143,087,099
0021129,1.031973,087,099
0021140,0.998980,087,099
0021149,1.029422,087,099
0021159,0.995918,087,099
0021169,0.990986,087,099
0021179,0.982653,087,099
0021189,1.011224,087,099
0021200,1.004082,087,099
0021209,1.005612,087,099
0021219,1.007823,087,099
0021229,0.983844,087,099
0021239,0.997619,087,099
0021249,0.991497,087,099
0021259,1.011054,087,099
0021269,1.007993,087,099
0021279,1.023810,087,099
0021289,1.012075,087,099
0021299,0.996599,087,099
0021309,0.984354,087,099
0021319,0.985884,087,099
0021329,0.992007,087,099
0021339,1.001531,087,099
0021349,1.009354,087,099
0021359,1.018367,087,099
0021369,1.010544,087,099
0021379,1.004422,087,099
0021389,0.996599,087,099
0021399,1.002891,087,099
0021410,1.018537,087,099
0021419,1.006633,087,099
0021429,1.010034,087,099
0021439,1.019388,087,099
0021449,1.011905,087,099
0021459,1.011905,087,099
0021469,0.989966,086,099
0021479,1.008673,086,099
0021489,1.005782,086,099
0021499,1.000170,086,099
0021509,1.010884,086,099
0021519,0.995408,086,099
0021529,0.999660,086,099
0021539,1.002551,086,099
0021549,0.994728,086,099
0021559,1.002381,086,099
0021569,0.996769,086,099
0021579,1.032823,086,099
0021589,1.015646,086,099
0021599,1.016326,086,099
0021609,1.006803,086,099
0021619,1.008844,086,099
0021629,0.991837,086,099
0021639,1.018878,086,099
0021649,1.010884,086,099
0021659,1.014286,086,099
0021669,0.988946,086,099
0021679,0.989626,086,099
0021689,0.998469,086,099
0021699,0.989626,086,099
0021709,1.006463,086,099
0021719,1.017177,086,099
0021729,1.021599,086,099
0021739,1.015646,086,099
0021749,1.013605,086,099
0021760,1.018878,086,099
0021769,0.987585,086,099
0021779,1.003231,086,099
0021789,1.022109,086,099
0021799,1.004252,086,099
0021809,1.019218,086,099
0021819,0.993537,086,099
0021829,1.000850,086,099
0021839,1.011054,086,099
0021849,1.001020,086,099
0021859,1.008333,086,099
0021869,1.008503,086,099
0021879,1.018367,086,099
0021889,1.027041,086,099
0021899,1.028571,086,099
0021909,0.992857,086,099
0021919,1.013095,086,099
0021930,0.996088,086,099
0021939,1.005102,086,099
0021949,0.986565,086,099
0021959,0.989796,086,099
0021969,1.008333,086,099
0021979,0.992517,086,099
0021989,1.010884,086,099
0021999,1.003911,086,099
0022009,1.013605,086,099
0022019,1.049320,086,099
0022029,1.006803,086,099
0022039,0.998980,086,099
0022050,0.994898,086,099
0022059,0.991327,086,099
0022069,1.022619,086,099
0022079,1.008673,086,099
0022089,0.994898,086,099
0022099,1.022789,086,099
0022109,1.013435,086,099
0022119,1.024830,086,099
0022129,1.010544,086,099
0022139,0.996429,086,099
0022149,1.011735,086,099
0022159,1.008333,086,099
0022169,0.999320,086,099
0022179,1.011565,086,099
0022189,0.994898,086,099
0022199,0.991156,086,099
0022209,0.999830,086,099
0022219,0.980272,086,099
0022229,0.999660,086,099
0022239,1.022109,086,099
0022249,1.005782,086,099
0022259,1.021088,086,099
0022269,1.013435,086,099
0022279,1.000340,086,099
0022289,1.036735,086,099
0022300,1.022619,086,099
0022309,1.001531,086,099
0022319,0.987075,086,099
0022329,1.007653,086,099
0022339,1.005272,086,099
0022349,1.001190,086,099
0022359,1.012075,086,099
0022369,1.026191,086,099
0022379,1.012585,086,099
0022389,1.000340,086,099
0022399,1.023129,086,099
0022409,0.998129,086,099
0022419,1.017517,086,099
0022429,1.002041,086,099
0022439,1.011565,086,099
0022450,1.014286,086,099
0022459,1.010884,086,099
0022469,1.017517,086,099
0022479,1.017517,086,099
0022489,1.011224,000,099
0022499,0.984354,000,099
0022509,0.990646,000,099
0022519,0.990816,000,099
0022529,0.980272,000,099
0022539,1.028571,000,099
0022549,1.048980,000,099
0022559,1.007143,000,099
0022569,0.996939,000,099
0022579,1.038775,000,099
0022589,1.031973,000,099
0022599,0.973299,000,099
0022609,0.957993,000,099
0022620,1.025510,000,099
0022629,1.046769,000,099
0022639,1.017347,000,099
0022649,1.016326,000,099
0022659,0.995068,000,099
0022669,0.996429,000,099
0022679,0.971088,000,099
0022689,0.981463,000,099
0022699,1.002211,000,099
0022709,1.048980,000,099
0022719,1.011565,000,099
0022729,0.982313,000,099
0022739,0.994388,000,099
0022749,0.995918,000,099
0022759,0.991837,000,099
0022769,1.005782,000,099
0022779,1.026531,000,099
0022789,1.023810,000,099
0022799,0.994218,000,099
0022809,0.998299,000,099
0022819,0.988605,000,099
0022829,0.985544,000,099
0022839,0.991667,000,099
0022849,0.995408,000,099
0022859,1.002551,000,099
0022869,0.995068,000,099
0022879,1.015476,000,099
0022889,1.005782,000,099
0022899,0.997279,000,099
0022909,1.033333,000,099
0022919,0.994048,000,099
0022929,0.994558,000,099
0022939,1.018708,000,099
0022949,1.029252,000,099
0022959,1.009184,000,099
0022969,1.009864,000,099
0022979,1.000510,000,099
0022989,1.020748,000,099
0022999,1.042857,000,099
0023009,1.020748,000,099
0023019,1.006292,000,099
0023029,1.005612,000,099
0023039,1.015986,000,099
0023049,0.989116,000,099
0023059,1.020238,000,099
0023069,1.021258,000,099
0023079,1.022449,000,099
0023089,1.023639,000,099
0023099,1.012075,000,099
0023113,1.013605,000,099
0023123,1.002211,000,099
0023133,1.009354,000,099
0023143,1.030442,000,099
0023154,1.016497,000,099
0023163,1.021088,000,099
0023173,1.021939,000,099
0023183,1.000170,000,099
0023193,1.007313,000,099
0023203,1.021599,000,099
0023213,0.998980,000,099
0023223,1.017007,000,099
0023233,1.000000,000,099
0023243,1.009184,000,099
0023253,1.020918,000,099
0023263,1.011905,000,099
0023273,0.989286,000,099
0023283,1.002551,000,099
0023293,1.007483,000,099
0023303,1.008333,000,099
0023314,1.010884,000,099
0023324,0.997449,000,099
0023334,1.021939,000,099
0023344,1.001701,000,099
0023354,1.001190,000,099
0023364,1.019898,000,099
0023374,1.006633,000,099
0023384,1.017857,000,099
0023394,0.991497,000,099
0023405,0.996429,000,099
0023414,1.008844,000,099
0023424,1.015476,000,099
0023434,1.004082,000,099
0023444,1.009184,000,099
0023454,0.986565,000,099
0023464,1.002041,000,099
0023474,0.983163,000,099
0023484,1.011054,000,099
0023494,1.016156,000,099
0023504,1.016156,000,099
0023514,1.015476,088,099
0023524,1.003231,088,099
0023534,1.014796,088,099
0023544,1.003742,088,099
0023554,1.004252,088,099
0023564,1.012755,088,099
0023574,1.005952,088,099
0023584,1.013946,088,099
0023595,1.005612,088,099
0023604,1.003571,088,099
0023614,0.997619,088,099
0023624,1.018197,088,099
0023634,1.008333,088,099
0023644,1.011395,088,099
0023654,1.015306,088,099
0023664,1.036905,088,099
0023674,1.021428,088,099
0023684,1.014796,088,099
0023694,1.002891,088,099
0023704,1.000850,088,099
0023716,1.014286,088,099
0023726,1.002891,088,099
0023736,1.005612,088,099
0023746,1.001361,088,099
0023756,1.018878,088,099
0023767,1.014966,088,099
0023776,1.004082,088,099
0023786,1.010204,088,099
0023796,1.020068,088,099
0023806,0.998469,088,099
0023816,0.992857,088,099
0023826,0.999490,088,099
0023836,1.025850,088,099
0023846,1.019558,088,099
0023856,1.008844,088,099
0023866,1.025510,088,099
0023876,1.007653,088,099
0023886,1.004252,088,099
0023896,1.012925,088,099
0023906,1.009694,088,099
0023916,1.018878,088,099
0023926,1.014116,088,099
0023936,0.997109,088,099
0023946,1.010034,088,099
0023956,1.018367,088,099
0023966,1.008503,088,099
0023976,1.028401,088,099
0023986,0.982823,088,099
0023996,0.993707,088,099
0024006,0.986905,088,099
0024016,1.003742,088,099
0024026,1.019728,088,099
0024036,1.005952,088,099
0024046,1.009864,088,099
0024056,1.021769,088,099
0024066,0.996599,088,099
0024076,0.996939,088,099
0024086,1.005952,088,099
0024096,1.011395,088,099
0024107,1.010544,088,099
0024117,0.986054,088,099
0024127,0.995408,088,099
0024137,1.025000,088,099
0024147,0.998809,088,099
0024157,1.020578,088,099
0024167,1.024150,088,099
0024177,1.009694,088,099
0024187,1.020238,088,099
0024197,1.011565,088,099
0024207,1.003231,088,099
0024217,1.009524,088,099
0024227,1.007653,088,099
0024237,1.042177,088,099
0024247,1.021088,088,099
0024257,0.974320,088,099
0024267,1.022109,088,099
0024277,1.050340,088,099
0024287,1.002381,088,099
0024297,0.964456,088,099
0024307,1.005102,088,099
0024317,1.046939,088,099
0024327,1.037925,088,099
0024337,0.998469,088,099
0024347,1.009864,088,099
0024357,1.027891,088,099
0024367,0.990136,088,099
0024377,0.975340,088,099
0024388,0.980782,088,099
0024397,1.015646,088,099
0024407,1.004762,088,099
0024417,1.011735,088,099
0024428,0.984184,088,099
0024437,0.988265,088,099
0024447,0.995238,088,099
0024457,1.006292,088,099
0024467,1.028231,088,099
0024477,1.028741,088,099
0024487,0.999660,088,099
0024497,0.995068,088,099
0024507,1.020408,088,099
0024517,1.020408,088,099
0024527,1.020408,088,099
0024537,1.002721,089,098
0024548,0.993027,089,098
0024557,0.990646,089,098
0024567,1.001871,089,098
0024577,1.000000,089,098
0024587,1.017857,089,098
0024597,0.995918,089,098
0024607,0.994048,089,098
0024617,1.027381,089,098
0024627,1.012075,089,098
0024637,1.004252,089,098
0024647,1.009864,089,098
0024657,1.016497,089,098
0024667,0.998469,089,098
0024677,0.992007,089,098
0024687,1.009354,089,098
0024697,1.003742,089,098
0024707,1.019388,089,098
0024717,1.007823,089,098
0024727,1.015136,089,098
0024737,1.015306,089,098
0024747,0.990476,089,098
0024758,1.022279,089,098
0024767,1.025170,089,098
0024777,1.016156,089,098
0024787,1.005952,089,098
0024797,1.001871,089,098
0024807,0.997619,089,098
0024817,1.017517,089,098
0024827,1.013095,089,098
0024837,1.028231,089,098
0024847,1.017687,089,098
0024857,1.006463,089,098
0024867,1.032143,089,098
0024877,1.008333,089,098
0024887,0.992177,089,098
0024898,1.023639,089,098
0024909,1.010204,089,098
0024918,0.990476,089,098
0024928,1.013435,089,098
0024938,1.011224,089,098
0024948,1.004592,089,098
0024958,0.998980,089,098
0024968,1.010034,089,098
0024978,1.013435,089,098
0024988,0.998980,089,098
0024998,0.988605,089,098
0025008,0.994388,089,098
0025018,1.004762,089,098
0025028,1.016156,089,098
0025038,1.029592,089,098
0025048,1.014626,089,098
0025058,1.011395,089,098
0025068,1.037585,089,098
0025078,0.992347,089,098
0025088,1.008333,089,098
0025098,1.005952,089,098
0025108,1.003571,089,098
0025118,1.018027,089,098
0025128,1.021939,089,098
0025138,1.015646,089,098
0025148,1.020238,089,098
0025158,1.011905,089,098
0025168,1.005272,089,098
0025178,0.994388,089,098
0025188,1.010374,089,098
0025198,0.998639,089,098
0025208,1.004082,089,098
0025218,1.022279,089,098
0025228,1.012585,089,098
0025238,0.992687,089,098
0025248,0.998129,089,098
0025258,0.998299,089,098
0025268,1.000850,089,098
0025278,1.016326,089,098
0025291,1.022619,089,098
0025301,0.999830,089,098
0025311,1.010544,089,098
0025321,1.005442,089,098
0025331,1.000340,089,098
0025341,1.003401,089,098
0025351,1.023129,089,098
0025361,0.988435,089,098
0025371,1.021258,089,098
0025381,1.006803,089,098
0025391,1.018367,089,098
0025401,1.015816,089,098
0025411,0.991667,089,098
0025421,0.993367,089,098
0025431,1.024660,089,098
0025441,1.017347,089,098
0025451,1.013946,089,098
0025461,1.010034,089,098
0025471,0.998299,089,098
0025481,1.017177,089,098
0025491,1.008844,089,098
0025501,1.010884,089,098
0025511,0.999150,089,098
0025521,1.009354,089,098
0025531,0.998299,089,098
0025541,0.998299,089,098
0025551,0.998299,090,097
0025561,0.998129,090,097
0025571,1.014626,090,097
0025581,1.009354,090,097
0025591,1.009014,090,097
